id,createdTime,Attachments,Date,Emails,Name,Notes / Feedback,Notes 2,Participants,Program Week,Slack Instruction & Email Commu,Speaker,Type of session
rec0QMuhZc4LrLh9w,2025-06-24T09:54:18.000Z,,2025-06-24T13:00:00.000Z,ldeboisjolly@sharpstone.fr; gtaaoum@sharpstone.fr,Sharpstone office hours,,,"Mariya Borovikova, Adhityan KV, Dylan M√©rigaud",Week 3,,Lancelot de Boisjolly,Office hours external
rec1G6KME3lelpwZD,2025-06-25T13:41:41.000Z,,2025-06-18T08:00:00.000Z,,Group work 2 - Startup Challenge,"Important feedback: | scoring needs to be reviewed (LOIs need more points, do not allow to interview people in Station F potentially or limit to 3 people), some people prefer to choose earlier with whom to work with | --> allow people to choose earlier with whom to work",," Simon Bigot, Adhityan KV, Alan Chevillard, Alina Kanstantsi, Amit Sinha, Andr√© Kaminker, Anthony Haddad, Artur Vianna, Barbara Okoro, Connor Blair, Dylan M√©rigaud, Fabian Tewes, Gabriel Duciel, Giorgio Rodrigano, Jules Ferrer, Julie Colin, Leo Thevenet, Leon Ruckert, Mariya Borovikova, Moussa El Ouafi, Nicolas Metzke, Oudavone Surot, Sachin Saluja, St√©phane Millet, Tea Vrcic, Thamanna Razak, Tomas Jenicek",Week 2,"At the beginning:  |  | Msg 1:  |  | Groups for the Startup Challenge | - group of 3 or 4 people |  | Msg 2:  |  | PIONEERS STARTUP CHALLENGE | Startup Challenge | Welcome to the Startup Challenge, where you and your designated teams will embark on an exciting journey to create a tech startup from scratch. | Objective: The goal of the Startup Challenge is to complete as many tasks necessary to launch a startup. You will earn points for completing various tasks, each contributing to the success of your project. Prioritization and teamwork is key. | Problem space: you will have to choose a problem space to work on. No existing startup allowed! (Not even from previous mini-challenges) | Team Formation: You will be divided into teams of 3 to 4 participants. | Challenge Tasks and Points: | Your team will have a list of challenges, each with a specific number of points associated with it. These challenges are designed to guide you in developing your startup project. Here's the list of challenges and their points: | User Interviews: Conduct a REAL user interview (out of cohort) to gather insights and feedback on your startup idea. (100 points each) | 1-Minute Video of Elevator Pitch (40 points): Create a concise and engaging 1-minute video that presents your elevator pitch. With your phone! | Logo (5 points): Create a unique and memorable logo for your startup project. | 6-Slide Pitch Presentation (30 points): Craft a compelling 6-slide pitch presentation that effectively communicates your startup idea. | Landing Page (30 points): Design a captivating landing page that showcases your project's value proposition. | Figma Product Design (50 points): Develop a Figma prototype that demonstrates the functionality and user experience of your product. | User Onboarding Flow (50 points): Design an efficient user onboarding process that guides users in using your product effectively. | LinkedIn Page (15 points): Create a professional LinkedIn page for your startup project, highlighting your team's expertise. | Find 10 ways to promote your product for free (30 points) | Email Subscribers (5 points per email) | Build community of 50 people [for B2C only] (200 points each 50 members) | Sign LOI with someone [for B2B only] (150 points each LOI) | Game Rules: | Teams will choose which challenges to undertake based on their points and project strategy. | Each completed challenge will earn your team the specified points. | The team with the most points at the end of the challenge will be declared the winner. | Important Dates: | Challenge Kick-off: 10:20pm | Challenge Deadline: 12:20pm ‚Äì present your achievements! | Post your results in the slack #cofounderboat channel ‚Äì Open a thread with your group name and input your documents! | Scoring and Prizes: | Teams will be scored based on the total points earned from completed challenges. | A 100 EUR amazon gift card per team member will be awarded to the winning team. | Good luck to all ! | @channel  |  | FYI:  Freelancers, early-stage solo founders, creators, indie developers, who pay for tools from their own money are NOT considered B2B customers. They are Prosumers. A B2B Customer considered for full LOI points should pay from company expenses (have cashflow) and have at least 1 Full-time employee. |  | Warning: :warning: We will deduct points for incomplete or poor task completions. |  | An LOI must have a digital or physical signature. Emails are not accepted! |  | a user interview should be an actual conversation with a potential user. Submission should be a recap of that conversation with key learnings! |  |  | Message 3 - swapping people  |  | @channel | :bangbang: :bangbang: :bangbang: | Crisis Alert | One of your co-founders is about to be poached by a competitor! | You‚Äôll get a random new teammate to replace them. |  |  | Message 4 (ending earlier) |  | @channel | :bangbang: :bangbang: :bangbang: | Annoying Investor Alert - YOU ONLY HAVE UNTIL 12:10!!! | An annoying investor needs you to show up right now. The investor shows no mercy and requires you to give an update right away. | That being said. Instead of 12:20, you now only have until 12:10 to submit. | Any submissions after 12:10 are not counted and lead to disqualification. | Good luck!! |  |  | quick final message  |  | please submit to the #submissions channel until 12:10 and come back to the creativity room for a few minutes for a debrief |  | ",,Group exercise
rec1UHGdAZZO1jkDw,2025-07-22T16:45:41.000Z,,2025-06-17T11:30:00.000Z,,Attendance Message (before masterclass),,,,Week 2,"@channel | Quick notice concerning attendance :date: | We've been generally happy about the attendance rate of the batch. However, this is a reminder that participation is a core part of the Pioneers experience, both for exercices and masterclasses. Do ensure you make all of them. | FYI: starting next week the schedule will be much lighter, the effort is required mainly for this week. | :warning: If you can‚Äôt attend, you must message @Niklas - Pioneers Team  ideally 12 hours before the session starts. | If we don‚Äôt hear from you, we‚Äôll assume you're in ! | This rule now applies to all future exercices/masterclass sessions. | Thanks and see you at 2pm in the Creativity room for the Sales and GTM session !",,Announce/Organisation
rec2OoUgYK6AMjPbU,2025-07-17T10:29:08.000Z,,2025-07-11T15:00:00.000Z,,Pitch Day 11/07/2025,,"Pitch Day, Pitch Day, Pitch Day, Pitch Day, Pitch Day, Pitch Day, Pitch Day, Pitch Day, Pitch Day, Pitch Day","Adhityan KV, Zaccarie Morel, Alan Chevillard, Alina Kanstantsi,  Simon Bigot, Alex Hayem, Amit Sinha, Andr√© Kaminker, Connor Blair, Franz Weber, Jules Ferrer, Giorgio Rodrigano, Leo Thevenet, Kamila Gimadullina, Tea Vrcic, Mariya Borovikova, Oudavone Surot",Week 5,"Hi everyone, | Today we have the AWS sessions (first with Connor, then with AWS engineers in Share) and the Friday pitches on the agenda. | Here is the order of teams pitching today: | Invest'Her - @Julie Colin and @Sachin | Mimir - @Mariya and @ALEX HAYEM | AvaHome - @Alan and @Simon Bigot | Jooob AI - @Jules FERRER, @Gabriel, @Zac | Go Fusion - @Oudavone SUROT and @Tom Martin | Smartfluence - @Andr√©, @Leo, @Lu | Umamy - @Connor Blair and @St√©phaneMillet (given the nice circumstances we do not expect St√©phane to join of course) | CreditPath - @Tea and @Franz | Orchly - @Amit Sinha and @Davesh Sharma | Promptaize - @Alina K and Kamilla | Certin - @Barbara and Bruno Vannucci | The pitch will be in person in the Share Zone for those who are in a team. | If you cannot come in person or if you want to follow the pitches but you are not in a team, join here: | Google Meet Link (the link is also in the calendar)",,Friday Pitches
rec2SzBakCakpVVH7,2025-07-17T11:34:05.000Z,,2025-07-11T13:00:00.000Z,annourb@amazon.fr,AWS for new Founders,"very positive and hands-on, Bakr did it really well  | 15 min intro and then mostly focus on Q&A  |  | Bakr was able to answer tech and non-tech answers in detail + very charismatic, massive difference compared to Google - would get Bakr for sure again for the next batch! | ",,,Week 5,"Reminder right before  |  | Hi everyone, | The AWS session with @Connor Blair is currently ongoing until 2:55. Once that is done, we meet at 3 pm sharp in the AWS room in the Share Zone (right side first floor when you come from the Create Zone). | See you in a bit!",Bakr Annnour,Masterclass
rec2fKrI8CGTo0PyX,2025-09-09T14:24:16.000Z,,2025-09-09T09:00:00.000Z,,Pre-IC Decision Announcement,,,,Week 14 - Sprint Channel,"Hey Everyone @channel, | It‚Äôs Decision Time!!! | This was very hard decision to make as we‚Äôve been working alongside you for a long time and have developed affinities with each team. Also, we can make mistakes ‚Äì companies we‚Äôve rejected in the past have gone to be great companies! | So‚Ä¶.. After careful evaluation and deliberations with Hugo and the Pioneers team, the following startups have been selected for the Investment Committee: | Umamy | Mirmi | JooobAI | AvaHome | FitBot | GovIntel | A reminder of the Selection criteria (in order of importance): | Execution ‚Äì GTM traction and product progress | Team ‚Äì background, cohesion, and founder-product fit | Market ‚Äì size and potential |  What‚Äôs next: | Office Hours: For the teams not moving forward, we‚Äôre hosting a feedback session starting at 3pm at the Hogwarts Room next to our space. Please text @Niklas - Pioneers Team  to book your slot. | We do realise that some teams are too early in their adventure and need a bit more time (August timing wasn‚Äôt great): we are forecasting to host one more IC in about a month ‚Äì if you show traction, reach out to us. Any team in the sprint phase is eligible. | Post-IC For those not advancing: you may stay at Station F until the end of November, but since you‚Äôre not officially in the program anymore, you would need to cover the cost your seat (‚Ç¨259 + VAT/month/per seat). You all may stay at the Pioneers space until Monday without additional cost. | And ofcourse: you are now part of the Pioneers alumni community meaning you will be invited to our events, workshops and will be fasttracked for consideration for future cohorts :muscle: | Now it‚Äôs time for the remaining teams to rock it during the IC this Friday, let‚Äôs go!!!! |  |  | Hugo's follow-on message:  |  | Hey Everyone, | I just want to take a moment to say how proud you can be of what you‚Äôve accomplished so far. Whether you‚Äôre moving forward to the IC or not, this is just one step in a much longer journey. | As far as I know, building a company is a marathon with many ups and downs; today‚Äôs decision doesn‚Äôt define your future. What matters is the grit, creativity, and persistence you bring to the adventure. Keep pushing, keep learning, and remember that every milestone (even the tough ones) is part of building something truly meaningful. | We‚Äôre rooting for all of you! | ",,Announce/Organisation
rec33L5WjfpqhMojL,2025-07-17T09:49:48.000Z,,2025-07-04T15:00:00.000Z,,Pitch Day 04/07/2025,,"Pitch Day, Pitch Day, Pitch Day, Pitch Day, Pitch Day, Pitch Day, Pitch Day, Pitch Day",Amit Sinha,Week 4,"An hour before : |  | Pitch Day Today at 5 pm - Only Teams | Hi @channel, | Quick clarification: Pitch Day today is only for people in teams. | (Pro tip: even if you‚Äôre still early and not 100% sure ‚Äî> join a team! Breakups aren‚Äôt a taboo :nerd_face:) | Apologies for not making this clearer earlier!",,Friday Pitches
rec3DsuDiL6mfXsDn,2025-09-02T10:48:26.000Z,,2025-08-01T11:00:00.000Z,,Office Hours - Post Selection Day (for those not selected) ,,,,Week 8,,,Office hours Pioneers
rec3mQAxE9F2L7xUs,2025-07-22T16:34:40.000Z,,2025-06-16T10:00:00.000Z,,Lunch Roulette 1,,,,Week 2,Announce groups of 4 (remaining in groups of 3),,Socials
rec3ykjGAgGlEHMeG,2025-09-02T09:37:21.000Z,,2025-07-23T15:00:00.000Z,,Selection Day - Information + Format,,,,Week 7,"@channel Hey everyone, | Happy to be back in Station F after my SF trip - glad to tell you that we're building an insane US track for you! | Selection Day Information | Here‚Äôs everything you need to know about Selection Day, happening next Wednesday at 4pm: | Selection Day is the first filter of the program. The main goal of this milestone is to: | 1. make sure you are in a team | 2. make sure you're on the right track | :jigsaw: Selection Criteria: | Team & Idea ‚Äì You have locked your team & are fixed on your problem space. | Progress made ‚Äì You have shown progress: clear user feedback, signs of traction or market interest. | Ambition & vision ‚Äì Here we make sure the size of your ambition aligns with ours :) | MOAT - You understand what your differentiating factor is. | For solofounders who've decided to pursue the lonely path - we will evaluate your progress as well. | The following Friday we shall announce those who have passed the selection. Good luck! | :date: Format: | Each team will pitch in front of the investment committee. | Format: 3 min pitch + 5 min Q&A. | Your pitch should clearly cover: problem, solution, market, traction (or strong signals), team, and roadmap. | Each team will be assigned a slot and will only join the session on their slot. | It is possible to pitch remotely | -> This is the culmination of 8 weeks of work. Be sharp, be bold, and show us why you‚Äôre the right team for this problem.",,Announce/Organisation
rec45976shgSRfcRZ,2025-09-02T11:35:58.000Z,,2025-08-05T09:00:00.000Z,,"Office Hours - Sprint (Mo-Wed, 15 min per team)",,,,Week 9 - Sprint Channel,,,Office hours Pioneers
rec4T3J3VByHB8U5e,2025-09-02T10:24:46.000Z,[object Object],2025-07-31T14:00:00.000Z,,Selection Day - Result Announcement (+ OH + beer same day),,,,Week 8,"Hello Pioneers, the moment has come. @channel | First off, thank you for your commitment and effort over the past six weeks. You all deserve a lot of credit. Evaluating your progress wasn‚Äôt easy. We faced several edge cases, and early-stage investing is, by definition, shaped by subjective judgment. | A note to those not selected: | Don‚Äôt let this stop you, keep building. We‚Äôre fully aware that we can make mistakes. Also, some of the best founders I backed at Hook had pitched to us multiple times before getting an investment. You remain part of the Pioneers community and and we‚Äôll be keeping an eye on your progress. | To the selected teams: | This is far from a win. You‚Äôve cleared a checkpoint but there‚Äôs still a long way to go to be investment-ready for the IC. There were no clear yes and you‚Äôll all need to seriously accelerate execution and focus on validating core assumptions. | Next steps: | :date: Office Hours ‚Äì Tomorrow, 11:00‚Äì13:00 | We‚Äôll be available tomorrow to answer questions. Feel free to ask about the decision-making, and share your honest feedback with us to help us improve. | :wave: Outboarding on Tuesday | For those not continuing in the sprint phase, we‚Äôll outboard you on Tuesday. You can always come back for a meeting, and we will send you an invite. | :beers:For tonight | Let‚Äôs celebrate the past weeks together over drinks - you‚Äôve earned it! | :speech_balloon: Slack & alumni community: | For those not selected, you remain part of the Pioneers community and we will invite you to events in the next months (stay tuned for a get-together after IC in September with the batch + friends). | Please also stay active with us on Slack, and let us know whenever the community can support you. Thank you again for your dedication and openness throughout this journey so far. | See you all this evening! | Below are the Selection Day results and the list of teams moving forward to the Sprint Phase.",,Announce/Organisation
rec55vcT69ST7RMIc,2025-07-22T17:27:52.000Z,,2025-06-19T16:30:00.000Z,,Announcing Alexis from Kima the day before,,,,Week 2,"@channel Hey batch, tomorrow at 2PM we have an amazing speaker session with the General Partner of the most active early stage VC in France, Alexis Robert, GP at KIMA Ventures. | KIMA invests in over 100 startups per year with tickets of 100-150k EUR, perfect for a follower ticket post-Pioneers :slightly_smiling_face: . Alexis is a true veteran of the VC scene, and has insights on what makes a great early stage founder. this is a must-not-miss session! | Details: | 2PM @ Junior Stage | in the SHARE ZONE | Looking forward to seeing you there :wink:",,Announce/Organisation
rec5OY2IBFIUTguD1,2025-09-02T09:28:34.000Z,,2025-07-09T11:00:00.000Z,,AWS for new Founders - Announcement,,,,Week 5,"Last-Minute Event with AWS ‚Äì This Friday! | Hey @channel, | AWS offered us a slot this Friday from 3-4 pm in their AWS room (share zone). | Some of you may be building on AWS, so we‚Äôre hosting an ‚ÄòAWS session for New Founders‚Äô - practical, not pure technical. | What to expect: | 15-min business case presentation by two AWS engineers | 40-min open Q&A (ask anything - tech or business!) | Based on your feedback from the Google session, this is going to be more of an interactive founder-focused discussion for both tech and business profiles | :round_pushpin: AWS Room, Station F (Share Zone) | :spiral_calendar_pad: Friday, 3‚Äì4 PM | See you there - hit :fire: if you are joining!",,Announce/Organisation
rec5bbp7539mD1NsD,2025-09-13T11:47:43.000Z,,2025-09-12T11:00:00.000Z,,IC Pitch Deck Reminder,,,,Week 14 - Sprint Channel,"@channel | To the ones pitching at IC, please send me your deck no later than 3 PM. | Thank you!",,Announce/Organisation
rec5wJ69blRnXmhOP,2025-06-24T09:54:18.000Z,,2025-06-25T17:00:00.000Z,,Group diner 25/06/2025 - Yassine & Mimoun,send message the day before,,"Adhityan KV, Alina Kanstantsi, Amit Sinha, Andr√© Kaminker, Artur Vianna, Connor Blair, Fabian Tewes, Giorgio Rodrigano, Jules Ferrer, Julie Colin, Leo Thevenet, Leon Ruckert, Sachin Saluja, St√©phane Millet, Tea Vrcic, Thamanna Razak, Thomas Martin, Zaccarie Morel",Week 3,"Message the day before at 6 pm:  |  | Hey everyone! | Just a reminder that tomorrow at 7 PM we‚Äôre having a group dinner at 24 rue du 4 Septembre, 75002 Paris. | We‚Äôll be joined by Yassine Tahi (cofounder of Kinetix) and Mimoun El Alami (cofounder of Stairling and Hook alumni), who will share their journeys and some great insights. | No need to eat beforehand, Pioneers will order food  :pizza: (yes i'll also be there for the pizzas) | Looking forward to seeing you there! ",Mimoun Stairling; Yassine Kinetix,Diner/lunch
rec6abvV7q8eRVKMt,2025-09-02T11:21:12.000Z,,2025-08-21T09:00:00.000Z,,No more Office Hours - Announcement,"be more clear with communication next time (maybe announce that you have office hours just in week 1+2 of sprint phase, after that it is on demand)",,,Week 11 - Sprint Channel,"Hi @channel, | Quick update as we head into the final stretch before Pre-IC (Sept 8) and IC (Sept 12) ‚Äì not long to go! | :point_right: Starting next week, no more fixed office hours. | That said, don‚Äôt go silent ‚Äì if you‚Äôd like feedback or need to spar, just reach out to me or Maxime anytime and we‚Äôll set it up. | :zap: Most important: fill out the weekly form. This is how we track progress and evaluate readiness (we only got 4 submissions this week!).  It‚Äôs essential as we approach IC. | Let‚Äôs make these last weeks count! :fire:",,Announce/Organisation
rec7TLWbWbblFBuIF,2025-07-22T17:55:33.000Z,,2025-07-02T14:00:00.000Z,,Team Office Hours,,,,Week 4,,,Office hours Pioneers
rec7gvtD18nOJHFJw,2025-09-02T11:42:39.000Z,,2025-08-20T09:00:00.000Z,,"Office Hours - Sprint (Mo-Wed, 15 min per team)",,,,Week 11 - Sprint Channel,,,Office hours Pioneers
rec8dhdJvpQUqAIHV,2025-07-22T17:56:37.000Z,,2025-07-02T12:00:00.000Z,,Theme-Based Events - Knowledge Sharing,,,,Week 4,"2 days before message:  |  | Hi @channel, | Theme-based events on Wednesday from 2 to 3:30 / 4 pm | Wednesday are our theme-based events. For the first session we have 25-30 minute slots for 3 topics. | Session 1: Tomas - Intro AI | Tomas (THE AI guy) will lead a short workshop on the different areas of AI and the latest evolvements in the space. | Session 2: Nicholas - Intro to Robotics & Humanoids | Nicholas will present the market overview, what he learnt over the past months and potential opportunities. | Session 3: Julie - Product Management | Sharing how product development works from startups to scaleups - from user discovery to testing, prioritising features, scaling and pivoting. Feel free to bring your questions in advance. | Please hit the :rocket: if you are joining. Location will be the Batmobile room. |  Looking forward.","Tomas, Julie, Nicolas (3 cohort members)",Theme session
rec8kFZdG0yZi8pqS,2025-09-13T12:12:22.000Z,[object Object],2025-08-05T08:00:00.000Z,,Building with Pioneers (distribute personal LinkedIn post templates),important - send in the first week of the program next time! |  | the template are on Figma,,,Week 9 - Sprint Channel,"send individual messages to all founders on Slack with their template: |  | Hi Stephane, | It's time to own up to your startup adventure! | Presenting your startup journey to your network is a key step to unlock opportunities: clients, investors, advisors, you name it, many positives can come from it.  So now that you're in the sprint phase you can share your adventure to the world! | Here's a LinkedIn post template that'll get people talking (PRO-TIP: Be specific about the problem you're solving): | Text Example: ""Just joined Pioneers as an Entrepreneur in Residence to build something that matters. Currently working on <<your startup name and vision>> with an incredible cofounder <<insert cofounder here>>. | We're solving <<the problem you're tackling>> and here's why it matters: <<your unique insight>>. | If you're a <<target talent type>>, <<target customer>>, or know investors who get excited about <<your space>>, let's connect."" | Let's go!!",,Announce/Organisation
rec8s8eFx8bHM2O5R,2025-09-02T10:26:53.000Z,,2025-07-31T14:30:00.000Z,,Selection Day - Follow-on to book office hours,,,,Week 8,"For those not selected, we'd love to give you 1-on-1 feedback  - please DM @Niklas - Pioneers Team or myself to book a slot during tomorrow's OH. |  |  |  |  |  | ",,Announce/Organisation
recAvfuqGvxH1PGNG,2025-09-09T14:18:05.000Z,,2025-09-05T15:00:00.000Z,,Pre-IC Announcement,,,,Week 13 - Sprint Channel,"PRE-IC Time:rocket: | Hi @channel, | Monday is the next big milestone - Pre-Investment Committee! | :calendar: Date: Monday, Sept 8 - 10:00 AM | :round_pushpin: Location: Hogwarts Express Room, Station F (right next to our Pioneers space) | :stopwatch: 5 min pitch + 7 min Q&A | You‚Äôll pitch one by one. I‚Äôll give you a heads-up 5 minutes before it‚Äôs your turn. | :warning: Important: This is fully in-person. Please send me your pitch deck by Sunday 7 PM so I can pull everything up from my computer. | Moreover, please do not forget your ask slide: How you would use the investment of 100K and where this would get you. | Pitch Order with approximate time: | 10:00 - FitBot | 10:12 - Mirmi | 10:24 - AvaHome | 10:36 - ScoreTrue | 10:48 - GovIntel | 11:00 -  LegaLabs | 10 minutes break | 11:22 -  Certin | 11:34 - JooobAI | 11:46 - Umamy | 11:58 - Orchly | (+3 external startups will pitch once you‚Äôre all done.) | The last stop before IC - time to shine :star2: |  |  | posted on Sunday (due to change of rooms): |  | Hi @channel, | Quick room update for pre-IC. We have two rooms - one for pitching and one for practice: | Where the pitches take place: Boardroom B Corp - Share Zone (first floor, right corner when coming from Create Zone) | Practice space: Hogwarts Express Room (right next to the Pioneers space) will stay reserved and open for you to use for dry runs and rehearsals | See you all tomorrow :rocket:",,Announce/Organisation
recBL2Sil5lBAO6qB,2025-07-22T15:56:54.000Z,,2025-06-10T15:00:00.000Z,,Slack message - the day before kick-off,customize for next batch,,,Week 1,"Hi everyone, | Awesome to have you with us. We can‚Äôt wait to welcome you tomorrow for the official Pioneers SU2025 Kick-off! | We‚Äôll keep it short ‚Äî here‚Äôs everything you need to be ready: | :clock9: Time: Tomorrow, 9:15 a.m. sharp |  :round_pushpin: Location: Station F (main entrance reception) |  :identification_card: Bring your ID to get onboarded | Before tomorrow, make sure to: | Add the Pioneers Calendar ‚Äì Link here | Say hi on Slack in #su25-introduce-yourself ‚Äì we want to hear from you! | Join us on WhatsApp ‚Äì 3 people are still missing from the group. If that‚Äôs you, join us here | A quick heads-up for this week (especially for those who want to go to Viva Tech): | :jigsaw: Thursday is Basecamp Day ‚Äì the key date to set you up for the program. We therefore make this a mandatory day for everyone who is in Paris. | :technologist: Friday is kept largely open for those planning to go to VivaTech. | :date: I'm planning to go to VivaTech on Saturday. If you‚Äôre also planning to go that day, click on this emoji :point_right::skin-tone-2: :mechanical_arm: so we can coordinate and potentially go as a group. | See you tomorrow morning! ",,Announce/Organisation
recCg5zhrbdle35DH,2025-09-02T09:57:25.000Z,,2025-07-23T15:30:00.000Z,,Weekly Update Form - Reminder,,,,Week 7,:warning: :warning:Other Reminder: where are your weekly updates? | I've noticed many teams forgot to submit their weekly updates. Please share your weekly update in Slack every Monday before day-end. It‚Äôs essential for tracking progress and informing the investment committee. | Link here:https://airtable.com/appUx24OUnsGrJyLU/pagKgBxVj4jUPWTJU/form,,Announce/Organisation
recCsaSgC04kN3U2l,2025-07-22T17:55:51.000Z,,2025-07-02T17:00:00.000Z,,Board Game Night w Artur,,,,Week 4,":game_die: Board Game Night - Round 2 | @channel | Hey everyone! | @Artur Vianna is hosting another board game night tomorrow at 7 PM - it's also in the calendar. | If you're joining, hit :game_die: so he can get a headcount! (edited) ",,Socials
recD02szKa4I3LJOY,2025-07-22T15:54:03.000Z,,2025-06-06T10:00:00.000Z,,4th Slack Message (Felicita and early Station F access),ideally combine with the second or third Slack message,,,Week 0,"A few of you asked if it‚Äôs possible to access Station F before the program starts. | We‚Äôre doing onboarding for the whole batch on Wednesday, so we can‚Äôt distribute badges earlier. | However, I can send you a guest invite code if you'd like to spend a day at Station F beforehand. Just note that you‚Äôll need to stay within the Share Zone and I can only invite you on weekdays. | And since you are now part of the Station F family, you get 30% off at La Felicita with the code STATIONFEFE30 :spaghetti: | (code is valid from Monday to Friday between 8 a.m. and 3 p.m.).",,Announce/Organisation
recDYATxJbhxN3dkS,2025-07-22T17:21:11.000Z,,2025-06-19T08:00:00.000Z,,Feedback Form - asking for Feedback,ideally 1-2 days earlier - people already forgot some of the sessions,,,Week 2,"@channel | :memo: Feedback Form | As the very first Pioneers batch, your input is incredibly valuable. | Please take a few minutes to share your honest thoughts on the past days - events, workshops, and the program overall. | Let us know what worked, what didn‚Äôt, and what we can improve. | The form is anonymous. | Thank you! |  :point_right: Feedback Form",,Announce/Organisation
recEopSFdSptY1d7B,2025-06-25T13:39:09.000Z,,2025-06-20T15:00:00.000Z,,Pitch Day - 20/06/2025,,"Pitch day, Pitch day, Pitch day, Pitch Day, Pitch Day, Pitch Day, Pitch day, Pitch Day, Pitch Day, Pitch Day, Pitch Day, Pitch Day, Pitch Day, Pitch Day, Pitch day, Pitch day, Pitch day, Pitch day, Review pitch deay, Pitch day, Pitch day, Pitch day"," Simon Bigot, Adhityan KV, Alan Chevillard, Alex Hayem, Alina Kanstantsi, Amit Sinha, Andr√© Kaminker, Artur Vianna, Barbara Okoro, Connor Blair, Dylan M√©rigaud, Fabian Tewes, Gabriel Duciel, Giorgio Rodrigano, Julie Colin, Leo Thevenet, Mariya Borovikova, Moussa El Ouafi, Nicolas Metzke, Sachin Saluja, St√©phane Millet, Tea Vrcic, Thamanna Razak, Tomas Jenicek",Week 2,"Msg 30 min before:  |  | @channel | Ahead of today‚Äôs 5 PM pitches, here‚Äôs what to cover: | For the first pitch events, the idea is to get a status report of the first two weeks of the program. | Solo founders | Briefly remind people who you are (optional) | Have you matched with someone? | Do you have an idea? | Your learnings of the past week? | What do you need for next week - and what are your plans? | Teams (joint pitch) | No deck required for the first session (optional) | Idea snapshot: | Problem & solution | Market size, trends and opportunities | Core hypothesis + your plan for next week | Team presentation | Presentation - 3 minutes max (the shorter the better) | Merci and see you shortly!",,Friday Pitches
recGFAAnwOOw5wwDf,2025-09-02T11:44:01.000Z,,2025-08-06T13:00:00.000Z,,Summer Office Hours (for externals w email + calendly) - Day 1,,,,Week 9,message sent via email on august 4 - check Customer.io to duplicate template,,Other event
recGQzbZpBfJGYefJ,2025-07-22T13:49:08.000Z,,2025-07-18T14:00:00.000Z,dominika.j.wilinska@gmail.com,Pitch Day 18/07/2025,,"Pitch Day, Pitch Day, Pitch Day, Pitch Day, Pitch Day, Pitch Day, Pitch Day, Pitch Day, Pitch Day, Pitch Day, Pitch Day, Pitch Day, Pitch Day, Pitch Day, Pitch Day","Adhityan KV, Alina Kanstantsi, Diana Piemari Cereda, Dylan M√©rigaud, Artur Vianna,  Simon Bigot, Alan Chevillard, Alex Hayem, Amit Sinha, Andr√© Kaminker, Barbara Okoro, Connor Blair, Franz Weber, Giorgio Rodrigano, Jules Ferrer, Julie Colin, Leo Thevenet, Leon Ruckert, Mariya Borovikova, Sachin Saluja, Tea Vrcic, Thomas Martin, Zaccarie Morel, Alex Polovian",Week 6,"Pitch Session Today - with a special guest (please read the whole message) | Hi @channel, | Today's pitch session is at 4 pm in the Boardroom Bodyboard (Share Zone - ground floor right side when coming from Create). | For those who cannot join in person, here is the Google Meet Link (please be on time!). | Special guest: | Dominika Wilinska will join us in person today. She is a former Investment Associate at Antler and advising us at Pioneers. | Please be here in person unless you are not in Paris. | Important - send me your deck before 3:30 PM: | Please send your deck by 3:30 pm (!) so that I can load them all from my computer. | We have 14 teams, so we won‚Äôt have time to switch between laptops during the session. | Format: 5 minutes max | 2 min: Project intro (problem, solution, market - for Dominika as she sees you for the first time) | 3 min: Progress update from the past week (be concise - the shorter the better) | Pitch Order: | Umamy | CreditPath | GovIntel | Orchly | Smartfluence | Certin | Mimir | Promptaize | AvaHome | Vuen AI | GoFusion | Revelio | NAIA | PulseOps | Jooob AI | Looking forward to hearing your pitch + updates of the week! See you later!",Dominika Wilinska,Friday Pitches
recGbOBFNAOVvgOcV,2025-07-22T17:23:16.000Z,,2025-06-19T17:00:00.000Z,,Community Drinks @ La Felicita,announce at noon on that day - announce winner of startup challenge then,,,Week 2,@channel | Quick reminder: Join us tonight at 7 PM at Station F for our community drinks! :beers: | We‚Äôve invited a few interesting founders from our network - great chance to connect. | Bonus: We‚Äôll be announcing the winner of the Startup Challenge at the event! :trophy: | See you there!!,,Socials
recGjTtsggnsMgDnA,2025-07-22T15:51:00.000Z,,2025-06-05T17:00:00.000Z,,2nd Slack Message - Slack + WhatsApp overview,,,,Week 0,"@channel | Hi everyone, |  Just a quick welcome again from my side‚Äîexcited to be here with all of you! | A few words on how we use the Slack channels: | :loudspeaker: su25-announcements ‚Äì For important updates from the staff team. Please don‚Äôt post here (but feel free to comment if anything is unclear). | :speech_balloon: su25-general ‚Äì Open to post for everyone: questions related to the program/event/calendar, thoughts, photos, etc. | :raising_hand: su25-introduce-yourself ‚Äì We'll ask everyone to write a short intro. I‚Äôll start tomorrow - please follow up. | :jigsaw: su25-a-team-is-born ‚Äì For team updates: formations, pivots, breakups. Every change is progress and is therefore celebrated! More info about the setup soon. | :handshake: ask-for-intros ‚Äì Need to validate something? Ask for intro help here. Be specific about the type of person you're looking to talk to. Use it to learn‚Äînot sell right away (unless they offer). | :question: ask-anything ‚Äì Literally anything: social plans, lost items, emotional support. | For urgent things, use the WhatsApp group. |  Here‚Äôs the link:",,Announce/Organisation
recHvHvP04KRJnFLl,2025-06-25T13:47:11.000Z,,2025-06-11T12:00:00.000Z,,Group Exercise 1 - Worst startup,,,"Adhityan KV, Alan Chevillard, Alexandre Pantalacci, Alina Kanstantsi, Andr√© Kaminker, Anthony Haddad, Artur Vianna, Barbara Okoro, Connor Blair, Constantin Dubus, Dylan M√©rigaud, Fabian Tewes, Franz Weber, Gabriel Duciel, Giorgio Rodrigano, Jules Ferrer, Julie Colin, Leo Thevenet, Leon Ruckert, Mariya Borovikova, Moussa El Ouafi, Nicolas Metzke, Oudavone Surot, Sachin Saluja, St√©phane Millet, Tea Vrcic, Thamanna Razak, Thomas Martin, Tomas Jenicek, Victor Thery,  Simon Bigot",Week 1,"Slack message 1 (30 min before the exercise):  |  | Hi everyone, | Just a quick reminder that we‚Äôll meet again at 2:00 PM in the Creativity Room (inside the Share Zone). | We‚Äôll start with a short presentation about Pioneers, followed by a Q&A in case you have any questions. After that, we‚Äôll dive into our first group exercise: ‚ÄúWorst Startup Ever‚Äù :boom: | Here are your groups for the session: |  |  | create groups of 3 & 4 people and list them here!! | --- |  | Slack message 2 (after Maxime finishes speaking) |  | Exercise: The Worst Startup Idea | Goal: |  Come up with the most ridiculously bad startup idea you can think of ‚Äî and pitch it like it‚Äôs the next unicorn. | How It Works | Your Mission | As a team, create and pitch the worst startup idea possible ‚Äî one that is: | Incredibly niche or solves a non-problem (e.g. throw AI at everything - solution in search of a problem) | Technically or ethically flawed | Completely unscalable | Prep Time | Use this time to brainstorm and prepare a 3-4 minute pitch . Think of: | Name & tagline | Problem Slide | Solution Slide | Business Model | Target Market with Market Size | GTM Strategy / Timeline | Optional: Fundraising | Team | Pitch Time (3-4 min per group) | Each group pitches their horrible idea with full confidence ‚Äî as if they truly believe in it | Voting | After all pitches, everyone votes for: | Worst Startup Idea | Most Convincing Pitch for a Bad Idea | Best Team Name",,Group exercise
recHvtzIQvhAFXrtI,2025-09-02T11:27:00.000Z,,2025-08-26T09:30:00.000Z,,Friday Pitches - Salomon Announcement,,,,Week 12 - Sprint Channel,":mega: Friday Pitches with Hugo & Salomon ‚Äì Important Milestone | Hi @channel, quick pre-announcement for this week‚Äôs pitches: | We‚Äôre almost 2 weeks away from IC and things are getting a bit more serious. | This Friday, Salomon will be joining us for the first time, alongside Hugo and Maxime. That means 3 IC decision-makers will already be present. | :stopwatch: Format reminder: 4 minutes total: | Quick pitch (problem, solution, market) ‚Üí especially important since Salomon doesn‚Äôt know you yet | Progress report (traction, results, numbers) | :round_pushpin: When & Where | 3:00 PM ‚Äì Bodyboard Room (as usual) | Pitch order & details shared Friday morning | This is your first chance to show Salomon what you‚Äôre building - make it count. :rocket:",,Announce/Organisation
recJ1gwXCFwEXCEKx,2025-09-02T11:45:05.000Z,,2025-08-07T13:00:00.000Z,,Summer Office Hours (for externals w email + calendly) - Day 1,,,,Week 9,,,Other event
recJbafJXNAdxsgmO,2025-06-25T13:42:10.000Z,,2025-06-17T14:00:00.000Z,,Mini Challenge 2,create groups before and allow people to choose group members earlier if they want,," Simon Bigot, Adhityan KV, Alan Chevillard, Alina Kanstantsi, Amit Sinha, Andr√© Kaminker, Anthony Haddad, Artur Vianna, Connor Blair, Dylan M√©rigaud, Fabian Tewes, Giorgio Rodrigano, Jules Ferrer, Julie Colin, Lala Torop, Leo Thevenet, Leon Ruckert, Mariya Borovikova, Moussa El Ouafi, Nicolas Metzke, Sachin Saluja, St√©phane Millet, Tea Vrcic, Thamanna Razak, Tomas Jenicek",Week 2,"Slack message 1:  |  | @channel | Hi everyone, | Here are the group for the next mini challenge. We added at least one person per team that can launch a website quickly. | Enjoy building! |  | Add teams of 4 (remaining 5) |  |  |  | Slack message 2 (right after Maxime is done explaining): |  | @channel | Here is today's challenge: | :rocket: ""Build your Distribution Machine"" Challenge |  Let‚Äôs simulate your second go-to-market attempt ‚Äî we want you to build a system you'd use to get your first paying users. This is a scrappy, hands-on team challenge to build and test a distribution channel in just 1.5h. | :test_tube: Step 1 ‚Äì Build your Value Prop |  Pick an industry you're interested in. Build a value prop (e.g. a landing page with signup option, a newsletter, an advertisement, or a social media post). This is your smoke screen. Once you have set this up, you try to collect waitlist signups. | :magnet: Step 2 ‚Äì Drive Your First Traffic |  Once your page is live, find the fastest way to market it and get your first 5+ signups. Some quick-win channels: | Product Hunt Ship, Reddit, Facebook groups, IndieHackers, in person sign ups or any other creative way | :memo: Submit by 5:45 in #submissions | Create a Google Doc with: | Project name, team members, and a 1-liner | Website link | Tool used to build the page (Webflow, Lovable, Wordpress etc.) | What channels you used to get subscribers | Number of users reached | Numbers of ""sign-ups"" | :mega: 5:45 ‚Äì Group Recap & Debrief |  We'll meet to quickly share learnings and compare funnels. Let‚Äôs see what works! |  |  | Message 3 right at the end:  | @channel hey everyone - please submit in the #submissions channel and come to the Pioneers space",,Group exercise
recK2L9Nq4hA5gyG5,2025-09-02T10:42:14.000Z,,2025-08-05T15:00:00.000Z,,Masterclass Bruno - Breaking into the Silicon Valley,,,,Week 9,"Reminder to send before |  |  | :rotating_light: Starting in 15 mins! |  @channel | Don‚Äôt miss our Silicon Valley Masterclass with Bruno Aziza ‚Äì live at 5 PM! | :bulb: From scaling startups to IPO to leading at Google, Microsoft, Oracle & IBM ‚Äì Bruno will unpack what it really takes to win in the US vs. Europe. | :round_pushpin: Join here: meet.google.com/tzd-zevp-wsd or in the Hogwarts Express Room! | See you in the room! :fire:",Bruno,Masterclass
recKsYFpCEMREHpEG,2025-07-22T17:54:35.000Z,,2025-06-30T13:00:00.000Z,,Team Office Hours,,,,Week 4,,,Office hours Pioneers
recL2f9vUztl7MBh7,2025-07-22T17:37:09.000Z,,2025-06-23T14:30:00.000Z,,Announce Sessions (Mini Challenge + Vibe Coding + LP event),,,,Week 3,"@channel | A few calendar updates ‚Äì we know some of you prefer fewer short-term changes, and we‚Äôre working to limit those going forward. | Tuesday: | Mini Challenge Kickoff | 2:00‚Äì2:30 PM | We‚Äôll launch a new challenge, likely running for 24 hours. More details to follow tomorrow. | If there‚Äôs someone you‚Äôd like to team up with to test a potential co-founder relationship, let us know. We‚Äôll try to group you accordingly. Please let us know if you do not make it, otherwise we count you in. | Wednesday: | Vibe Coding Session ‚Äì Part II | 4:00‚Äì6:00 PM | Artur and Fabian are back! | Topics: Web Hosting and Cursor. | For details, feel free to reach out to Fabian. |  |  | Hey everyone! :wave: | I follow up with a ‚Äúnon-announced event‚Äù | This Thursday at 5:30pm, we‚Äôre hosting a small LP event with a few LPs of Pioneers. | We‚Äôll have 2‚Äì3 teams and possibly 1‚Äì2 individuals briefly present what they‚Äôre working on (we‚Äôll help you prep!). We can‚Äôt include everyone, but if you‚Äôre interested in pitching, just me know! | The session will be followed by drinks with everyone. Hope to see you there! :beers:",,Announce/Organisation
recLDkNcBn0HD8Dut,2025-09-02T09:19:52.000Z,,2025-07-17T11:00:00.000Z,,LinkedIn Support Channel Announcement,,,,Week 6,Hey @channel | We have a channel to support each other‚Äôs LinkedIn posts and boost visibility for what you're currently building. | Feel free to join the channel #linkedin-support,,Announce/Organisation
recLKmG02RN93L8NJ,2025-07-22T16:32:17.000Z,,2025-06-13T15:00:00.000Z,,Friday First Wrap Up,,,,Week 1,"Maxime leads wrap up + Slack message afterwards:  |  | @channel | Quick wrap-up and next steps ‚Äì thanks again for an amazing kick-off week! | 1. Individual Pitches & Finding the Right Cofounder |  We‚Äôll kick off Monday with individual pitches and a masterclass on how to find the right cofounder. | If you haven‚Äôt yet, take a moment to reflect and prepare using this list of cofounder questions: |  :point_right: Questions to ask your potential co-founder | 2. Profile Book |  Check out the profile book to get to know the rest of the cohort‚Äîand maybe shortlist a few people you'd like to talk to. |  (Heads up: Victor and Thomas will add theirs soon‚Äîthey‚Äôve been on conferences or traveling, so take another look soon for the full set.) |  :point_right: Pioneers Profile Book | 3. Start Testing Founder Fit |  Momentum is picking up‚Äîif there‚Äôs someone you would like to speak to, now‚Äôs the time. Reach out, grab a coffee, and start building your first hypotheses to test working together. We have the Startup Challenge on Wednesday, but we‚Äôll also try to incorporate your feedback and introduce smaller challenges to help you better understand how different people work. | Enjoy Friday evening!",,Announce/Organisation
recMcM3NNPHj4OU2E,2025-09-02T11:37:05.000Z,,2025-08-06T09:00:00.000Z,,"Office Hours - Sprint (Mo-Wed, 15 min per team)",,,,Week 9 - Sprint Channel,,,Office hours Pioneers
recMd7T8miGrNWCLr,2025-07-22T17:57:41.000Z,,2025-06-30T08:00:00.000Z,,Announcing Weekly Theme: Distribution ,,,,Week 4,"@channel | Hello Batch ‚Äì hope your week is off to a strong start. | Reminder: this week‚Äôs theme is Distribution. | AI made building easy, now the hard part is reach. | If you can‚Äôt get your product in front of the right people, it doesn‚Äôt matter how good it is. | So either: | Your product solves such a deep pain that cold outreach converts unusually well, | or | You‚Äôll need to think way outside the box to crack your distribution. | Keep testing. Keep shipping. And remember: the best product doesn‚Äôt win, the best distribution does.",,Announce/Organisation
recMfR77DCXISCTKo,2025-09-02T11:03:19.000Z,,2025-08-12T10:30:00.000Z,,Masterclass - Stephane Boghossian - Reminder,,,,Week 10 - Sprint Channel,"Reminder ‚Äì Today‚Äôs ‚ÄúShipping Fast‚Äù Masterclass with St√©phane Boghossian at 4 PM :zap: | Hey @channel - quick heads-up! | Today‚Äôs ‚ÄúShipping Fast‚Äù Masterclass is moved to the Bodyboard Room in Share Zone (same spot where we usually do Friday Pitches). | We expect everyone to be there unless you‚Äôve told us otherwise. | This is a hands-on session where you‚Äôll also be presenting your tech stack, so come ready to share :rocket: | :date: Today: 4:00 - 5:30 PM |  :round_pushpin: Bodyboard Room - Share Zone |  :computer: Join remotely here (ideally only if you are not in Paris) | Let‚Äôs pack the room and keep the sprint phase momentum high :boom:",,Announce/Organisation
recO8i2z5euswhFfj,2025-09-02T10:35:18.000Z,,2025-08-05T10:00:00.000Z,,Masterclass Bruno - Reminder 2+3 fill out form,,,,Week 9,"@channel | :bulb:FYI: Bruno asked to fill this :point_up_2:google form to personalize tomorrow's discussion with you. So fill it and tell us what you want the discussion to be about! |  | Fill out the form in 90 seconds - please do it now! | @channel | If you haven‚Äôt already, complete this super short form before tomorrow‚Äôs masterclass with Bruno: | Here is the link | Thank you!",,Announce/Organisation
recOA5HcCPG1iAaek,2025-06-25T13:42:32.000Z,,2025-06-17T12:00:00.000Z,,Masterclass sales & GTM,,," Simon Bigot, Adhityan KV, Alan Chevillard, Alina Kanstantsi, Amit Sinha, Andr√© Kaminker, Anthony Haddad, Artur Vianna, Barbara Okoro, Connor Blair, Dylan M√©rigaud, Fabian Tewes, Gabriel Duciel, Giorgio Rodrigano, Jules Ferrer, Julie Colin, Lala Torop, Leo Thevenet, Leon Ruckert, Mariya Borovikova, Moussa El Ouafi, Nicolas Metzke, Oudavone Surot, Sachin Saluja, St√©phane Millet, Tea Vrcic, Thamanna Razak, Tomas Jenicek",Week 2,,,Masterclass
recOEUCCq5vHMQ7EV,2025-06-25T13:47:32.000Z,,2025-06-11T08:00:00.000Z,,Speedating,"announce groups of 4 people before, stop the time (I think we did 3 minutes?) | ",," Simon Bigot, Adhityan KV, Alan Chevillard, Alexandre Pantalacci, Alina Kanstantsi, Andr√© Kaminker, Anthony Haddad, Artur Vianna, Barbara Okoro, Connor Blair, Constantin Dubus, Fabian Tewes, Franz Weber, Gabriel Duciel, Giorgio Rodrigano, Jules Ferrer, Julie Colin, Leo Thevenet, Leon Ruckert, Moussa El Ouafi, Nicolas Metzke, Sachin Saluja, St√©phane Millet, Tea Vrcic, Thamanna Razak, Thomas Martin, Tomas Jenicek, Victor Thery, Mariya Borovikova, Oudavone Surot, Dylan M√©rigaud",Week 1,,,Group exercise
recP0IGFAngyGnvgH,2025-09-02T10:28:46.000Z,,2025-08-01T13:00:00.000Z,,Masterclass Bruno (Aug 6) - Announcement,,,,Week 8,":rocket: Online Masterclass with Bruno Aziza ‚Äì Breaking into the Silicon Valley :us: - This Wednesday, Aug 6 @ 5 PM ‚Äì Open to all | Hi everyone @channel, | We‚Äôre adding to the masterclass series with a banger :boom: - join us this Wednesday at 5 PM for a special session with Bruno Aziza, our Venture Partner based in the SF Bay Area. | Bruno brings unmatched experience from the Silicon Valley: | Scaled multiple startups to successful exits ‚Äì including an IPO with Business Objects | Former C-level at Google, Microsoft, Oracle, IBM | Ex-Partner at CapitalG (Google‚Äôs growth fund) | Driving Pioneers‚Äô US/Silicon Valley expansion | He‚Äôll share what it really takes to build in SF vs. Europe ‚Äì from startup grit to tech giant strategy. | The event is online and on the Pioneers calendar : | Google Meet link: meet.google.com/tzd-zevp-wsd | Looking forward to seeing you there! ",,Announce/Organisation
recPbIonzx9yVSrQf,2025-09-02T11:29:44.000Z,,2025-08-29T14:30:00.000Z,,Pitch Feedback - Slack Message,,,,Week 12 - Sprint Channel,General feedback from my side: | There‚Äôs still some work to do on the pitchs! | competition was missing most of the time - hard to position you in the current landscape (especially for red ocean startups) | General lack of storytelling power | As Salomon said - keep practicing and pitch to your entourage/advisors,,Announce/Organisation
recPehTmiakFCfuOL,2025-09-09T14:05:13.000Z,,2025-09-05T07:00:00.000Z,,Pitch Day - 05/09/2025 - Sprint,,,,Week 13 - Sprint Channel,"sent the day before as it was an early morning pitch  |  | Friday Pitches - Early Morning Version :sunrise: | Hi @channel, | We‚Äôre kicking off tomorrow at 9:00 AM sharp - the last round of pitches before Pre-IC :rocket: | :stopwatch: Format as usual: 4 min max including progress slide + short Q&A |  :computer: Where: Fully remote on Google Meet |  :handshake: Who: Voluntary, for those who confirmed | No need to send me your decks ‚Äì just have it ready to share when it‚Äôs your turn. | Pitch order: | Orchly | ScoreTrue | FitBot | Umamy | AvaHome | JooobAI | LegaLabs | Mirmi | GovIntel | See you tomorrow morning online!:coffee:",,Friday Pitches
recQpI2doTLsARynE,2025-09-02T11:19:19.000Z,,2025-08-19T12:00:00.000Z,,Pitching Workshop w Maxime (How to Craft a Killer Pitch),,,,Week 11 - Sprint Channel,"Reminder one hour before:  |  | Reminder: Starting in 1 hour - ""How to Craft a Killer Pitch"" (2 PM) | :round_pushpin: Bodyboard Room (Share Zone) | :link: Remote: Here is the Google Meet Link | Bring your latest deck if you want to pitch or get input. | This is a great opportunity to get yourself pitch-ready for IC!",,Masterclass
recR0gauDp4ssweam,2025-09-02T11:28:12.000Z,,2025-08-29T13:00:00.000Z,,Pitch Day - 29/08/2025 - Sprint,,,,Week 12 - Sprint Channel,"A few hours before: |  | Hey @channel, | Back to Pitch Time today ‚Äì and today is a big milestone! :rocket: | We‚Äôre 2 weeks away from IC, and Salomon will be joining us - alongside Hugo and Maxime. That means 3 IC decision-makers will be present. | :date: Today: 3:00 PM |  :round_pushpin: Bodyboard Room (Share Zone, ground floor) |  :computer: Remote: Google Meet | Deadline: Send me your deck by 2:30 PM (if pitching in person) | Format: Same as usual - 4 minutes total + Q&A. Please don't forget to use the template for your progress update in the end. | Pitch Order: | Mirmi | AvaHome | Orchly | LegaLabs (ex Vindex) | FitBot | Certin | GovIntel | ScoreTrue | Umamy | JooobAI | See you at 3 pm!:zap: |  |  | Reminder right before: |  | Reminder @channel | Our pitches start in 10 minutes!",,Friday Pitches
recRJdyrTzgooFosb,2025-09-13T11:51:02.000Z,,2025-09-12T11:30:00.000Z,,IC Email to LPs / Venture Partners (last reminder),,,,Week 14 - Sprint Channel,"Re: Pioneers Investment Committee 12.09.2025 - Preparation Materials |  | Dear Investors and Venture Partners, |   | We‚Äôre 2 hours away from the investment committee. Here‚Äôs a quick reminder of the details: |   | üìÖ Time: 16:00-18:00 (+ cocktail afterwards @Station F) | üìç Location: Bodyboard Room, Share Zone, Station F (ground floor) | üíª Remote: Google Meet |   | üëâ  Startup Evaluation Form - score each team after the pitch | üëâ Startup Overview Dashboard - review pre-IC decks, team members and progress to date |   | In case you don't find us - call Niklas at: +33 6 25 36 78 65 |   | Looking forward to seeing you later and shaping the first wave of Pioneers startups. |  | Maxime ARNULF | ",,Announce/Organisation
recRVUjA6s7lDHtiM,2025-06-25T13:40:39.000Z,,2025-06-18T12:00:00.000Z,,Building with AI - Google,"Bad Feedback: theory-heavy, too technical for non tech!  |  | and the guy in the beginning presented his startup for no reason",," Simon Bigot, Adhityan KV, Alan Chevillard, Alina Kanstantsi, Amit Sinha, Andr√© Kaminker, Anthony Haddad, Artur Vianna, Barbara Okoro, Connor Blair, Dylan M√©rigaud, Fabian Tewes, Giorgio Rodrigano, Gabriel Duciel, Julie Colin, Leon Ruckert, Mariya Borovikova, Moussa El Ouafi, Nicolas Metzke, Sachin Saluja, St√©phane Millet, Tea Vrcic, Thamanna Razak, Tomas Jenicek",Week 2,,Louis Soboul? Matthieu Debeaux?,Masterclass
recRa6UxvX3kEKlT8,2025-09-02T10:37:05.000Z,,2025-08-04T08:30:00.000Z,,Exit Form - Request to fill out (Slack message),,,,Week 9,"Exit Form - for those leaving the program | Hi @channel, | Please help us shape the next cohort with the exit form! | If you‚Äôre leaving the program: first of all, thank you. As you move on to your next steps, we‚Äôre asking for one last contribution. | This isn‚Äôt a formality! Your input directly helps us improve from how we structure the program to how we select, support, and challenge future founders. It also helps us figure out how we can continue to support you: with intros, guidance, or future opportunities. | It only takes 5 minutes: | :point_right: Exit form link | ",,Announce/Organisation
recTVia7Z2tsnvXfA,2025-09-02T09:58:50.000Z,,2025-07-25T09:00:00.000Z,,Claiming AWS Credits,,,,Week 7,"AWS Credits | Hi @channel, | Since a few of you are claiming AWS credits. The AWS link that was shared with us isn‚Äôt the right one. | If you want to claim AWS credits, do it through Station F HAL ‚Üí Perks ‚Üí AWS. | Hope that clarifies things. Let me know if you have questions.",,Announce/Organisation
recTjPypxiP2c2yVy,2025-07-22T18:05:10.000Z,,2025-07-08T12:30:00.000Z,,LinkedIn Sales Nav Workshop - w Lala,,,,Week 5,Reminder @channel - The LinkedIn Sales Nav Workshop will start in a few minutes at 2:30 PM.  | Location: (insert location here) |  | See you there!,Lala (cohort member),Theme session
recUKcGJayRO7cADc,2025-07-22T18:17:34.000Z,,2025-07-25T14:00:00.000Z,,Pitch Day 25/07/2025,,,,Week 7,"Announcement 2 hours before: |  | Pitch Session Today - with Jean Lebrument and Hugo | Hi @channel, | Today's pitch session is at 4 pm in the AWS Room (Share Zone - 1st floor right side when coming from Create). | For those who cannot join in person, here is the Google Meet Link. | Special guest: | Jean Lebrument, Co-Founder of Brigad will join us in person today. We do a 20-30 minute presentation with him before we jump into the pitches (pitches start around 4:30 pm). | Important - send me your deck again before 3:30 PM! | Format - same like last week: 5 minutes max | 2 min: Project intro (problem, solution, market - as we have a new guest again who sees you for the first time) | 3 min: Progress update from the past week (be concise - the shorter the better) | Pitch Order: | Vuen AI | AvaHome | Orchly | Jooob AI | GoFusion | Umamy | Mimir | CreditPath | FitBot | NAIA | GovIntel | Smartfluence | AdaLove | ThirdPlace | FYI ‚Äì This is the LAST PITCH in front of the whole batch. For Selection Day, you'll pitch individually in front of the team only. | See you later! |  |  |  | Reminder 1 hour before: |  | @channel - reminder: Send me your pitch in the next 10 minutes if you are pitching in person. | And if you pitch online, be ready with your pitch when it is your turn.",Jean Lebrument and Hugo,Friday Pitches
recUaBAhSPtqLSxhw,2025-07-22T18:06:08.000Z,,2025-07-07T09:00:00.000Z,,Asking to fill out weekly update form,,,,Week 5,"@channel | Hello Batch! | Hope you've had a strong start of the week and are on the way to strong PMF :saluting_face: | :warning: Announcement: New weekly update form -> For those in a team, please share your latest progress with us to keep us up-to-date on how you're doing. We will use this form to identify obstacles and help when we can. | Link here -> Pioneers weekly update | Important notes: | This form is to be completed every Monday. (Today is an exception, you have until tomorrow end of day.) | Please be concise: use bullet points only, no long paragraphs! | Each team should submit only one form. | PS: Regular reporting is a strong positive signal of an organized and high-performing team!",,Announce/Organisation
recVJTZJLCP2pTalN,2025-07-22T16:16:08.000Z,,2025-06-11T16:00:00.000Z,,Coaching day reminder msg (day before),,,,Week 1,"@channel | Thanks so much for joining today ‚Äì we‚Äôre super excited about the amazing group that‚Äôs come together! :raised_hands: | Reminder for tomorrow‚Äôs event: | :clock930: Time: Please arrive by 9:30 a.m. |  :round_pushpin: Location: Flatmates ‚Äì 1 Rue Jean Jacques Rousseau, 94200 Ivry-sur-Seine |  :croissant: Breakfast: We‚Äôll have croissants and pains au chocolat ready ‚Äì come a little early and grab something before we start! | :rocket:Kick-off: We begin at 10:00 a.m. sharp | Pioneers Station F Space (see photo attached): | :computer: General Office Rules | Seats are open for everyone - first come, first serve | You have 24/7 access ‚Äì come in whenever works for you | Bring your own screen / setup - but note: screens and desks are shared, so please don‚Äôt mind if someone uses your screen when you're away :blush: | Looking forward to seeing you tomorrow!",,Announce/Organisation
recVh7HgdtqmMAoZ0,2025-09-02T09:30:15.000Z,,2025-07-09T15:00:00.000Z,,AWS for new Founders - Announcement Update (w Connor),,,,Week 5,"Event announcement update (with Connor giving an AWS session before): |  | Double AWS Session This Friday :fire: | Hey @channel, | As mentioned earlier, we have an AWS session this Friday from 3‚Äì4 PM in the AWS Room (Share Zone). But since we already have our own AWS expert @Connor Blair here, we‚Äôre turning it into a double session! | Here‚Äôs the plan: | 2:30‚Äì2:55 PM ‚Äî AWS Perspective with Connor | We'll kick things off in the Nebuchadnezzar Room (right in front of the Pioneers space), where Connor will briefly walk you through the key AWS points and answer questions from an independent expert‚Äôs perspective. | 3:00‚Äì4:00 PM ‚Äî AWS Session | Then we move over to the AWS Room (Share Zone) for a short presentation and open Q&A with two AWS engineers. A great chance to ask questions - maybe even the same ones again and compare the answers from the ‚Äúmore biased‚Äù AWS side. | We encourage critical questions - cloud infra is often one of the backbones of your startup and AWS wants to sell to you. | TL;DR: | Friday, June 11 | 2:30‚Äì3:00 PM: Nebuchadnezzar Room ‚Äì AWS with @Connor Blair | 3:00‚Äì4:00 PM: AWS Room (Share Zone) ‚Äì AWS engineer presentation + Q&A | Both events are in the calendar. Looking forward to a full-circle session from both an independent expert and AWS itself! | As usual, please react with :fire: if you are coming.",,Announce/Organisation
recWdlIuS2qFe71rL,2025-09-02T11:05:36.000Z,"[object Object],[object Object]",2025-08-13T09:00:00.000Z,,Progress Report Slide (Friday pitches) - Announcement,,,,Week 10 - Sprint Channel,":bar_chart: New Progress Report Slide ‚Äì for Friday Pitches | Hey @channel | Starting this week, your 2-minute progress update in the Friday pitch will be done using the attached slide. | It helps us track your traction, blockers, learnings, and your progress toward the Investment Committee (Sept 12). | What to do: | Adjust the slide to your needs and fill in the data | Present it at the end during the progress report of your Friday pitches | Be clear & honest - it‚Äôs about momentum | Pre-product? Focus on validation, waitlist, MVP | Live? Focus on users, revenue, traction | This should become your weekly traction dashboard and allows us to better understand your progress. | Let us know if you have any questions!",,Announce/Organisation
recWfa7RbXNJ3fWMD,2025-09-02T11:00:51.000Z,,2025-08-08T14:30:00.000Z,,Masterclass - Stephane Boghossian - Announcement,do it a few weeks earlier if possible,,,Week 9 - Sprint Channel,":rocket: Shipping Fast ‚Äì Interactive Masterclass with St√©phane Boghossian (you‚Äôre presenting too!) | :date: Tuesday, Aug 12 ‚Äì 4:00 to 5:30 PM | :round_pushpin: Hogwarts Express Room (next to the Pioneers area) | :link: Google Meet: Join remotely here | Hey @channel, | We‚Äôre in sprint phase - which means moving fast, iterating quickly, and getting things out the door. | To help you level up, we‚Äôre bringing in St√©phane Boghossian, ex-Growth at Lovable and full-stack builder who‚Äôs taken SaaS products from 0 to $50M+ ARR. | :boom: Why him? | He‚Äôs launched multiple products at once and scaled fast. He knows how to simplify, test, and ship at speed ‚Äì and he‚Äôs still involved with Lovable today. | Agenda: | :clock4: 4:00 ‚Äì 4:30 PM | St√©phane shares his top frameworks and real-life examples from Lovable and other ventures to show how you can accelerate your build process. | :clock430: 4:30 ‚Äì 5:15 PM | Your turn: Present your tech stack (and a quick demo if possible). St√©phane and the group will give live feedback on ways to speed up shipping, testing, and iteration. | :bulb: Note: This will be a small, hands-on session in the Hogwarts Express Room (similar to the Vibecoding session). | We‚Äôve got the room until 5:30 PM if we run over. | Drop a :rocket: in the chat if you‚Äôre in!",,Announce/Organisation
recXRPod46xqKvFw6,2025-09-02T11:08:41.000Z,,2025-08-15T13:00:00.000Z,,Pitch Day 15/08/2025 - Sprint,,,,Week 10 - Sprint Channel,"a few hours before:  |  | Hey @channel ‚Äì it‚Äôs Pitch Time again! | :date: Today ‚Äì 3:00 PM sharp | :round_pushpin: Bodyboard Room (Share Zone ‚Äì ground floor, right side from Create) |  :computer: Remote: Google Meet | :zap: Deadline: Send your deck to @A√Øda - Pioneers Team  on Slack (and only Slack) by 2:20 PM ! | :sound: Reminder: Use the new template (see message above:point_up_2:) to present your weekly progress ! | Format (max 4 min: | :two: min ‚Üí Quick snapshot: problem, solution, market | :two: min ‚Üí This week‚Äôs progress ‚Äì use the new template to show results & numbers (sprint phase = progress is king!) | Pitch Order | Umamy | ScoreTrue | JooobAI | GovIntel | Mirmi | AvaHome | Orchly | Vindex | Certin | FitBot | See you later! :rocket: |  |  | 5 minutes before:  |  | Quick reminder - we start in 5 minutes with the pitches | @channel",,Friday Pitches
recYZgscGdNlZbKdH,2025-07-18T11:51:15.000Z,,2025-06-16T12:00:00.000Z,,Slack - A team is born - explanation,maybe announce slightly earlier? announce in a team is born channel,,,Week 2,"@channel | :loudspeaker: Templates ‚Äì New Formations, Pivots & Breakups | Hey everyone! | This channel is for sharing updates on team formations, pivots, and breakups so we can all stay aligned and support each other. | Whenever there‚Äôs a change in your team setup, please post it here using one of the templates below :point_down: | :heart_hands: New Team Formation | Team Name: [Your team name] | Team Members: [Your name] + @teammate | One-liner: [What you're working on in one sentence] | :twisted_rightwards_arrows: Team Pivot | Team Name: [Your team name] | Team Members: [Your name] + @teammate | We pivoted and are now working on: [New focus in one sentence] | :broken_heart: Team Breakup | Team Breakup: [Your names] | Quick explanation: [Why you split + learnings, only if you'd like to share]",,Announce/Organisation
recamAOJXrqAqv42w,2025-09-09T14:17:00.000Z,,2025-09-05T12:00:00.000Z,,Pre-IC Order Announcement,,,,Week 13 - Sprint Channel,@channel - let me know in case you want to pitch in the beginning or towards the end at pre-IC. Ideally I don‚Äôt shuffle after the order is set. | Thanks and have a great weekend!,,Announce/Organisation
recbIOkv1LFG3B8jW,2025-09-15T11:46:53.000Z,,2025-09-15T09:00:00.000Z,,Post IC Communication,,,,Week 15 - Post IC ,,,Announce/Organisation
recbz4r2qw8j9Y62s,2025-09-02T10:12:18.000Z,,2025-07-28T13:00:00.000Z,,Weekly Update Form - Reminder,,,,Week 8,"Hi @channel, | Do not forget to fill out the Pioneers weekly update (today or tomorrow morning at the latest please). | Merci!",,Announce/Organisation
reccZGbDTCAJlTo4H,2025-07-22T18:03:57.000Z,,2025-07-04T17:00:00.000Z,,Announcing Weekly Theme: Revenue,,,,Week 4,"Hi @channel, | Thanks for this week - our theme was Distribution. | Next week's theme - Revenue | Your top priority is now to prove real customers will pay. Aim to: | Close your first transaction or | Secure a signed pre-order / letter of intent confirming payment once the product is ready. | :point_right: Early revenue is the clearest proof of product‚Äìmarket fit and will strengthen every future conversation with partners and investors. | Friday Pitches | Today only established project teams pitched to encourage team formation. We still want to encourage you to get into a team, so only teams can pitch and come in person. | But we will open a Google Meet next week so anyone can follow online to be more inclusive. | Announce your team if you want to pitch. |  | Enjoy the weekend and looking forward to what is next.",,Announce/Organisation
reccvcqeqrAl9h7Xs,2025-09-02T10:51:06.000Z,,2025-08-07T11:00:00.000Z,,Exit Form - Reminder,,,,Week 9,"Exit Form - Reminder | Hi @channel, | Short reminder - your feedback is super important to us and we only got 4 submissions so far. | For those who left the program and haven‚Äôt done it, please take 5 minutes. Thank you! |  | :point_right: Exit form link",,Announce/Organisation
recd7XptidJyu2rrI,2025-07-22T18:00:34.000Z,,2025-07-04T13:00:00.000Z,,Talent Visa Q&A - w Kuda,,,,Week 4,Talent Visa Q&A ‚Äì tomorrow 3 pm |  Kuda (who was at Hook before) just renewed his Talent Visa without going through La French Tech and will be here to answer all your questions. | React with :flag-mf: if you‚Äôre joining. (Invite‚Äôs already in the calendar.),,Other event
recdCjiTVKB2ibGv2,2025-06-27T15:48:10.000Z,,2025-06-26T12:00:00.000Z,,Masterclass - Bubble Emmanuel Straschnov,,,,Week 3,,Emmanuel Straschnov,Masterclass
recdDDSJbZK0hWeqg,2025-09-02T10:52:04.000Z,,2025-09-01T14:00:00.000Z,,End of Cohort Drinks - Announcement,,,,Week 13,"End of Cohort Drinks - Monday 6:30 PM @ La Felicita | @channel | Hi everyone, | We‚Äôre wrapping up the journey with drinks on Monday, September 8 at 6:30 PM - right after pre-IC! | :round_pushpin: Location: La Felicit√† |  :computer: Google Calendar invite should be in your inbox. | This is for all of you who‚Äôve been part of the cohort - a chance to reconnect, cheer on those heading into IC on the 12th, and celebrate the hard work of the past 3 months. | Bring your energy, bring your stories, and bring a plus one if you‚Äôd like. :tada: | Let‚Äôs clink glasses to what we‚Äôve built and what‚Äôs still ahead. | Looking forward to seeing you there! :clinking_glasses:",,Announce/Organisation
recddYKu4ERKD5ESr,2025-07-22T18:01:36.000Z,,2025-07-04T10:30:00.000Z,,How Unicorns Integrate AI (@ La Maison),just adding this here in case a similar event should be organized in week 4,,,Week 4,,,Other event
receEEGZab7rLUDyY,2025-09-02T11:42:28.000Z,,2025-08-19T09:00:00.000Z,,"Office Hours - Sprint (Mo-Wed, 15 min per team)",,,,Week 11 - Sprint Channel,,,Office hours Pioneers
receiOYfpSUbKtlZf,2025-07-22T17:55:08.000Z,,2025-07-01T13:00:00.000Z,,Team Office Hours,,,,Week 4,,,Office hours Pioneers
recfDa7JoVcpSpxhk,2025-09-02T10:32:43.000Z,,2025-08-01T14:00:00.000Z,,Sprint Phase - Weekly Check-in Announcement,,,,Week 8,"Sprint Phase - Weekly Check-Ins with each team (starting this Monday) | Hi @channel, | Monday marks the start of the sprint phase - we‚Äôll be tracking progress closely and expect fast execution: test, pivot, show traction, and keep us regularly updated. | Two key recurring check-ins: | :one: Weekly 1:1s with each team (20 minutes) | Fixed weekly slots until Pre-IC - please only change if urgent | Location: Hogwarts Express room next to the Pioneers Space | Only exception: this Monday we are in NEBUCHADNEZZAR | In case you need to attend remotely - calendar invites with Google Meet links will be shared shortly | Here are the 20-minute slots for each team: | Mondays: | 11:00 - Mirmi | 11:20 - ScoreTrue | 11:40 - FitBot | 12:00 - AvaHome | Tuesdays: | 11:00 - Umamy | 11:20 - Orchly | 11:40 - JooobAI | Wednesdays: | 11:00 - GovIntel | 11:20 - Vindex | 11:40 - Certin | :two: Friday Pitches | Still on Fridays, now starting at 3:00 PM. | Same format as usual. | Momentum matters most in the next weeks, keep pushing forward :rocket:",,Announce/Organisation
recfwUMh9939L5W6L,2025-07-22T17:34:02.000Z,,2025-06-23T14:00:00.000Z,,Office Hours 4-6 pm,"it was potentially a little confusing to book slots, maybe next time just asking if they want a 15 min slot and then we allocate it (the same way we do it with Hugo office hours)",,,Week 3,"@channel | Office Hours in a bit - today from 4 to 6 PM | We‚Äôre hosting our first Office Hours this afternoon from 4 to 6 pm | If you‚Äôd like to book a 15-minute slot with me or Maxime, you can do so below.  Feel free to come alone or as a team. | You can bring up anything: co-founder matching, idea validation, feedback, emotional support, or anything else you'd like to discuss. | Niklas‚Äô Calendly: | https://calendly.com/niklas-pioneers/office-hours | Maxime‚Äôs Calendly: |  https://calendly.com/pioneers-vc/su2025-batch-office-hours | Merci and see you in a bit.",,Office hours Pioneers
recfzWgV6CLTSulzQ,2025-09-02T11:38:59.000Z,,2025-08-12T09:00:00.000Z,,"Office Hours - Sprint (Mo-Wed, 15 min per team)",,,,Week 10 - Sprint Channel,,,Office hours Pioneers
recgXydizTBOb2Epr,2025-09-02T10:39:39.000Z,,2025-08-04T08:00:00.000Z,,Exit Form - Request to fill out (Email message),,,,Week 9,"Subject: Exit Form - We need your valuable feedback |  | Hi Pioneers, |  | First of all, thank you for the past weeks. This was an intensive time, and we highly appreciate your contribution to the program and your drive to build! |  | As you are not moving to the sprint phase, we ask you to help us shape the next cohort with the exit form. |  | This isn‚Äôt a formality!  | Your input directly helps us improve from how we structure the program to how we select, support, and challenge future founders. It also helps us figure out how we can continue to support you: with intros, guidance, or future opportunities. |  | It should only take a few minutes: | Exit form link |  | Thanks again and see you at the masterclass with Bruno! |  | Best, | Niklas",,Announce/Organisation
rechGtesm6K3ggKlY,2025-06-25T13:39:55.000Z,,2025-06-20T12:00:00.000Z,,Masterclass from zero to one,,," Simon Bigot, Adhityan KV, Alan Chevillard, Alex Hayem, Alina Kanstantsi, Amit Sinha, Andr√© Kaminker, Anthony Haddad, Artur Vianna, Barbara Okoro, Connor Blair, Dylan M√©rigaud, Fabian Tewes, Gabriel Duciel, Giorgio Rodrigano, Julie Colin, Leo Thevenet, Mariya Borovikova, Moussa El Ouafi, Nicolas Metzke, Oudavone Surot, Sachin Saluja, St√©phane Millet, Tea Vrcic, Thamanna Razak, Tomas Jenicek",Week 2,"Announce 1 hour before:  |  | @channel | :warning:Reminder that the 0 to 1 session with Alexis Robert, General Partner of KIMA Ventures, starts at 2PM sharp today at the Junior Stage (On the opposite of the Creativity Room). | Please be on time for this super session!",Alexis - Kima Ventures,Masterclass
reciD1XmPEXd67AmP,2025-09-02T10:53:10.000Z,,2025-08-08T13:00:00.000Z,,Pitch Day 8/8/2025 - Sprint,,,,Week 9 - Sprint Channel,,,Friday Pitches
reciJ0a91Fo0T9XkJ,2025-07-17T17:34:05.000Z,,2025-06-05T16:00:00.000Z,,1st Slack Message - Overview Program & Slack,,,,Week 0,"@channel Hi everyone, | I'm super excited to welcome you to the Pioneers program starting next week. | You‚Äôre now part of a group of 32 brillant & ambitious minds with one shared goal: launch a global tech company from scratch. | You‚Äôll build together, eat together, and grind together for the next 3 months. | This Slack workspace is our main communication hub. | Turn on mobile notifications to stay in the loop. | We‚Äôll use this space to share: | Program schedule | Announcements | Key updates | And you'll use it to: | Share insights and resources | Ask for help | Push each other forward | :date: Program Schedule |  Add this Google Calendar to your personal calendar to stay updated: |  Google Calendar Link | :pushpin: Key Dates | June 11 ‚Äì Kick-Off at 9:30 AM sharp! | June 12 ‚Äì Integration Day, 9:30 AM ‚Äì 5:00 PM | Fridays (from Week 2) ‚Äì Weekly Pitches | July 30 ‚Äì Selection Day / Team Lock Deadline | September 8 ‚Äì Pre-Investment Committee: All teams to pitch for qualification to the investment committee | September 12 ‚Äì Investment Committee - decision time on investment and integration in final phase | Your team |  @Niklas - Pioneers Team , @Louis - Pioneers team , and I will be here daily to guide and support you. Don't hesitate to ping us for anything. | More info on key milestones will be shared over the coming weeks. | See you on Wednesday ‚Äî and happy building!",,Announce/Organisation
recjv2YODuxPZZjSx,2025-09-11T17:22:58.000Z,,2025-09-11T15:00:00.000Z,,IC Announcement,,,,Week 14 - Sprint Channel,"IC Announcement :rocket: | Hi @channel, | Tomorrow is the big one - Investment Committee Day! | This is the moment where your hard work comes together and decisions are made. | :calendar: Date & Time: Friday, Sept 12 - starting 4:20 PM sharp | :round_pushpin: Location: Bodyboard Room (Share Zone, ground floor) | :stopwatch: Format: 5 min pitch + 10 min Q&A | :warning: Important: |  Please make sure your pitch deck includes: | A progress slide showing your journey from the start until now (no need to break it down by last week/this week). | An ask slide detailing how you would use the ‚Ç¨100K investment and which milestones it will help you reach. | Send me your deck by tomorrow 3:00 PM. | Pitching Order: | 4:20 JooobAI | 4:35 Umamy | 4:50 AvaHome | 5:05 Mirmi | 5:20 GovIntel | 5:35 FitBot | 5:50 Everest (external team) | I will text you a few minutes before your turn to get ready. | This is it - time to bring your story to life, show your progress, and make the case for a ‚Ç¨100K investment. | Good luck - we‚Äôre excited to see you shine on the IC stage! :fire:",,Announce/Organisation
reckWbrqwNfknb2BV,2025-07-22T17:47:28.000Z,,2025-06-26T09:30:00.000Z,,Announcement (challenge deadline + video shoot + shirts),,,,Week 3,"@channel | Please read - today is a rather big day as we will be filming and have a cool guest:) | :rotating_light: Challenge 1 Deadline ‚Äî 13:30 sharp |  Please drop your Google Doc in #submissions before 13:30. | :shirt: T-shirt hand-out ‚Äî until 13:15 |  Come to our space until 13:15 to get your Pioneers t-shirt. We ask you to wear it today. | :rocket: Big Session in the Creativity Room ‚Äî 13:30 |  We‚Äôre welcoming Emmanuel Straschnov, CEO & co-founder of Bubble, for an exclusive Pioneers talk. | :movie_camera: ‚ÄúPioneers Behind the Scenes‚Äù video shoot | Cameras will be there to film the session - and of course you wearing the Pioneers t-shirts! | Please arrive on time, merci! (edited) ",,Announce/Organisation
recl6hHhiYShjBjJE,2025-06-24T09:54:18.000Z,,2025-06-25T14:00:00.000Z,,Vibe Coding Session II,,,"Adhityan KV, Alina Kanstantsi, Artur Vianna, Fabian Tewes, Giorgio Rodrigano",Week 3,,"Fabien Tewes, Arthur Vianna",Theme session
reclT5qJPIFsKRqZN,2025-06-25T13:38:37.000Z,,2025-06-23T08:00:00.000Z,,What it means to be VC backable,,," Simon Bigot, Adhityan KV, Alan Chevillard, Alex Hayem, Alina Kanstantsi, Amit Sinha, Andr√© Kaminker, Anthony Haddad, Artur Vianna, Connor Blair, Dylan M√©rigaud, Fabian Tewes, Gabriel Duciel, Giorgio Rodrigano, Jules Ferrer, Julie Colin, Leo Thevenet, Mariya Borovikova, Moussa El Ouafi, Nicolas Metzke, Oudavone Surot, Sachin Saluja, St√©phane Millet, Tea Vrcic, Thamanna Razak, Thomas Martin, Tomas Jenicek",Week 3,"message the day before:  | Hey everyone! | Just a reminder that we‚Äôre meeting tomorrow at 10am at the Singular office, 38 Rue des Jeuneurs, 75002 Paris.  |  | Message at 9 am before the session  |  | Hello Batch! | Hope your weekend went well and that you‚Äôre ready for Week 3:fire: Keep in mind this week‚Äôs theme: Execution | Reminder that the next session starts in 40minutes at Singular‚Äôs office - 38 Rue des Jeuneurs, 75002, Paris. Don‚Äôt be late! |  | Few information: | Once you ve arrived, find ""Singular"" on the intercom and press. Walk through the courtyard and go up to the 2nd floor. Once here, in front the office door, ring. ",Salomon Aiach,Masterclass
reclkqoRZsws02ZSD,2025-07-22T18:13:05.000Z,,2025-07-14T09:00:00.000Z,,Announcing Weekly Theme: Pivoting,,,,Week 6,"Hey @channel, | This Week‚Äôs Theme is: Pivoting | Either your idea got validated, meaning real people were willing to try or even pay for it, or‚Ä¶ it didn‚Äôt. | If you got traction: | Double down. Take your learnings and optimize your positioning: | Sharpen who your ideal customer is | Refine your messaging and value proposition | Improve onboarding or UX for better conversion | Push toward more proof (repeat usage, new users, or actual payments) | If you didn‚Äôt get traction: | That‚Äôs totally fine, most don‚Äôt. You now need to pivot, and the faster, the better. | Your options: | Hard Pivot (changing the core of the business): | New customer segment | New core problem | New solution or product | Entirely new market | Soft Pivot (same direction, but refined): | Reframing the value prop, narrowing or expanding the user persona | Reworking the channel or go-to-market | Changing the feature focus | Whatever path you‚Äôre on, this week is about building clarity and making bold, informed moves. | You‚Äôre expected NOT to get things right. You are expected to learn fast and act.",,Announce/Organisation
reclonZ4KBnjrkXLn,2025-09-02T11:42:08.000Z,,2025-08-18T09:00:00.000Z,,"Office Hours - Sprint (Mo-Wed, 15 min per team)",,,,Week 11 - Sprint Channel,,,Office hours Pioneers
recmTs0xxubW02iTp,2025-07-22T16:49:41.000Z,,2025-06-16T14:00:00.000Z,,Mini Challenge 1 (Customer Discovery Challenge),important feedback:  | Share mom test (and especially the cheat sheet) before that challenge!!!! |  | Mom test cheat sheet:  | https://waterstonefitness.notion.site/The-Mom-Test-Summary-And-Notes-946870b1df584bbf85f39a0138216721 |  | customize groups (if people want to work with people already we may need to help them test early),,,Week 2,"15 min before:  |  | Customer Discovery Challenge (Today 4:00‚Äì5:45pm) | Hey Pioneers! | After this masterclass, we have our first small challenge on customer discovery. | More challenges will follow as we try to incorporate your feedback to understand how others work. | You‚Äôll be working in teams of 3 for a rapid-fire customer discovery exercise. | :dart: Your goal: | Get on as many calls as possible. Talk to real people and uncover real problems. Do not pitch ideas or solutions‚Äîjust listen and learn. Use the #ask-for-intros channel. | :brain: How? | Pick a problem space (we assigned one to you - but you can also change it if your team agrees to it) | Reach out to people, get them on the phone. Use the Mom Test approach to ask better questions and get useful insights. | :phone: The more you're on the phone, the better. Ideally call together as a group. | :memo: Submit a Google Doc by 5:45pm | What you have to submit: | What methodology used to get leads (bullet points only) | Total leads contacted (Name, position, contact) | Total calls booked or taken | Key learnings (if you manage to get on calls) | :speaking_head_in_silhouette: Wrap-Up at 5:45pm | We‚Äôll meet again to share learnings and reflections from 5:45 to 6:15pm. | Let‚Äôs go out there and talk to people! | 3:51 | PropTech | Alan | Alina | Simon | HR Tech | Jules | Sachin | Stephane | Social / Media | Thamanna | Leo | Mariya | Andre | FinTech | Tea | Amit | Tomas | Travel / Hospitality/ Restauration | Alexandre | Giorgio | Lala | Consumer / E-Commerce | Nicolas | Artur | Sachin | Victor | B2C | Fabian | Julie | Adhityan | B2B Software | Franz | Connor | Barbara | Leon |  |  |  | follow on msg Maxime:  | @channel PRO-TIP: don't hesitate to ask the batch for referrals or contacts in certain industries. Use the #ask-anything channel |  |  | Follow-on messages Niklas:  | @channel | Hi everyone, please submit the Google Doc link in the #submissions channel along with your team name. | Merci! | 5:41 | @channel please come back to our space in 5 minutes and submit your Google doc until 5:45",,Announce/Organisation
recmY2NbpBzUZnwod,2025-07-22T18:18:39.000Z,,2025-07-30T14:00:00.000Z,,Selection Day 30/07/2025,,,,Week 8,"Message 2 hours before: |  | Hi @channel, | Please send me your deck by 3:15 pm (if you are presenting in person - otherwise be ready to share your screen)! | You will present with my computer and your presentation will already be pulled up when you come into the room. | Thank you!!","LPs, Dominika Wilinska",Selection Day
recnte3MgxSOBSrOw,2025-07-22T16:26:32.000Z,,2025-06-12T16:00:00.000Z,,Profile Book Announcement (+ Shirt Size),Ideally a day earlier or even before the first day - then people can already prepare themselves and look at profiles,,,Week 1,"@channel | We‚Äôre putting together a profile book so everyone can see what you enjoy working on. While we know that personal fit matters more than hard skills, it's tough to measure chemistry‚Äîso this book will be a bit more factual than our day-to-day vibe. | :point_right: https://airtable.com/appaMJLNSqSucKQ7V/pagCeU81fETBdJ0ct/form |  As a little bonus: drop your t-shirt size at the end, and we‚Äôll make sure you get your Pioneers shirt! | Thanks for taking a moment to fill it out :boom:",,Announce/Organisation
reco3yzhoCxPEAVd5,2025-07-22T17:32:27.000Z,,2025-06-23T11:30:00.000Z,,Office Hour Sharpstone and Bold -  second announcement ,,,,Week 3,":wave: Hey everyone, | We still have 1 spot left with Sharpstone (tomorrow, 3‚Äì4:30pm) and 1 or 2 spots left with Bold (Friday, 2‚Äì4pm). | These are 1:1 meetings (25‚Äì30min) where you can ask all your questions. | :small_blue_diamond: Sharpstone (also a pre-seed fund) is super helpful for anything non-dilutive funding, think grants, 0% loans, prizes, etc. (e.g. ‚Ç¨30k from Frenchtech, 0% debt with Wilco/Paris&Co, university grants for deeptech startups‚Ä¶France is quite nice to get funding helps when you start, trust me I work in Portugal). | :small_blue_diamond: Bold is a startup-focused legal agency, they can support on shareholders‚Äô agreements, equity splits, leaver clauses, governance, and more. | :point_right: DM me (first come, first served) if you want one of the last spots! I come back to the concerned ones tonight.",,Announce/Organisation
recoAMzRPcuf1eJzd,2025-09-09T14:19:45.000Z,,2025-09-08T08:00:00.000Z,,Pre-IC,,,,Week 14 - Sprint Channel,"message before:  | Hey @channel, we start in 5 minutes! | + description where the room is |  |  | message after: | @channel | :clap: Well done everyone ‚Äì today‚Äôs Pre-IC was a big milestone. You‚Äôve all put in 3 months of intense work, and it showed. I saw some big leaps of improvement in your pitches (but there‚Äôs still some work to do though :slightly_smiling_face: ). | We‚Äôll be sharing the result tomorrow morning to make sure we take the best decision on a clear head after a long day. | Next stop: La Felicita for drinks in 10 minutes to celebrate this milestone. See you there! :fire:",,Pre-IC
recoOkqRbCfUUgXrZ,2025-09-11T17:16:54.000Z,,2025-09-09T15:00:00.000Z,,IC Email to LPs and Venture Partners,,,,Week 14,"Email:  |  | Pioneers Investment Committee 12.09.2025 - Preparation Materials |  | Hello Pioneers Investors and VPs, |   | We‚Äôre just three days away from the first-ever Pioneers Investment Committee. |  | This is the culmination of 3 months of our Pioneers founders matching, grinding, and building ferociously at Station F to launch a global tech company. This Friday is where the most promising founders pitch to our committee to unlock a ‚Ç¨100K investment for 7% of their company, securing a spot in the next stage of the program, and we‚Äôre happy to share this moment with you. |  | Reminder of key details | üìÖ Date: Friday, September 12, 2025 | üïì Time: 16:00-18:00 | üìç Location: Bodyboard Room, Share Zone, Station F (ground floor) | üíª Remote option: Google Meet Link |   | Agenda | 16:00-16:20 - Pioneers warplan strategy & roadmap | 16:20-18:00 - Startup pitches (5 min pitch + 10 min Q&A) | 18:00 onwards - Drinks. We‚Äôll bring a couple of drinks to close out IC and would love if you to stay for a bit and join us. |  | -> We‚Äôve sent you Station F invites and you may contact Niklas upon arrival to be guided in the conference room: +33 6 25 36 78 65 | Ideally plan to arrive a few minutes early and bring a laptop to submit evaluations in real time. |  | Evaluating our Startups | We want your live input: After each pitch, please fill out this short scorecard. | üëâ Startup Evaluation Form |  | Here‚Äôs the Selection criteria by level of importance:  | Execution & Traction (Sales and product execution) | Quality of Team (team background, cohesion, & founder-product fit) | Market Potential | We‚Äôve prepared an overview of the pitching startups with: | Each team‚Äôs progress since joining the program  | Latest deck | Founder profiles | My personal comments on each team | üëâ Startup Overview Hub |   | Voting Process | Investment Committee | 4 votes total (Hugo, Bruno, Salomon, and myself). | A startup needs at least 3 out of 4 votes to be eligible for investment. | LPs‚Äô Consultative Vote: Please use the Scorecard above to share your opinion on the selection. Your vote is advisory but will be considered in deliberations. |   | This is the most important milestone for our founders in the program, and your perspective makes the difference. Come ready to challenge the teams and help us decide who should get investment and a spot in the next stage. |   | Thanks again for joining us and for your trust. Looking forward to seeing you on Friday. |   | Best regards,",,Announce/Organisation
recopRLQFsxxP97q7,2025-06-27T13:52:35.000Z,,2025-06-27T03:00:00.000Z,,Pitch Day 27/06/2025,pitch + announced special La Maison event for the week after | ,"Pitch day , Pitch day, pitch day, Pitch day, Pitch day, Pitch day, Pitch day, Pitch day, Pitch day, Pitch day, Pitch day, Pitch day, Pitch day, Pitch Day, Pitch Day","Alina Kanstantsi, Thomas Martin, Sachin Saluja, Nicolas Metzke, Giorgio Rodrigano, Leo Thevenet, Tea Vrcic, Connor Blair, Andr√© Kaminker, Julie Colin, Artur Vianna,  Simon Bigot, Alan Chevillard, Dylan M√©rigaud, Thamanna Razak, Adhityan KV, Amit Sinha, Tomas Jenicek",Week 3,"message 30 min before: |  | @channel | :mega: Quick Announcements | Hey everyone! A few important updates: | 5:00 PM Pitch Session: | Today in the Longship Board Room (Share Zone). | If you‚Äôre in a team, you‚Äôll pitch together ‚Äî otherwise, you‚Äôll pitch solo. | Mini Challenge Results: | Before we begin, we‚Äôll announce the winner of the last mini challenge :trophy: | Big Event Next Friday: |  How Unicorns Integrate AI at Scale | Featuring Thomas Clozel (CEO @ Owkin) & Benjamin Retourn√© (CPO @ BlaBlaCar) | :round_pushpin: La Maison, Paris 9e | We haven‚Äôt opened it to the public yet, so if you‚Äôd like to attend, sign up before Sunday to get priority access: | :point_right: lu.ma/kpeo2x4a | See you at the pitch later!",,Friday Pitches
recou0ge6BVNRuqoW,2025-06-25T13:43:00.000Z,,2025-06-16T12:00:00.000Z,,Masterclass Finding the right cofounder,"Bad Feedback: 'horrible accent', too generic + French slides ",," Simon Bigot, Adhityan KV, Alan Chevillard, Alexandre Pantalacci, Alina Kanstantsi, Amit Sinha, Andr√© Kaminker, Anthony Haddad, Artur Vianna, Barbara Okoro, Connor Blair, Constantin Dubus, Dylan M√©rigaud, Fabian Tewes, Franz Weber, Giorgio Rodrigano, Jules Ferrer, Julie Colin, Lala Torop, Leo Thevenet, Leon Ruckert, Mariya Borovikova, Moussa El Ouafi, Nicolas Metzke, Sachin Saluja, St√©phane Millet, Tea Vrcic, Thamanna Razak, Tomas Jenicek, Victor Thery",Week 2,remind location a few minutes before,Guillaume Breton,Masterclass
recovYOYVr6bpubDn,2025-06-27T13:52:45.000Z,,2025-06-26T15:30:00.000Z,,LPs event,,," Simon Bigot, Alan Chevillard, St√©phane Millet, Connor Blair, Gabriel Duciel, Jules Ferrer, Zaccarie Morel, Tea Vrcic, Franz Weber",Week 3,,,Other event
recpJZMxHgRmp1hvr,2025-07-22T16:44:10.000Z,,2025-06-17T08:00:00.000Z,,HAL Photo Message,,,,Week 2,@channel | Please download your Station F profile picture from HAL and send it to me. | We‚Äôll use it for LinkedIn and the Profile Book. | Here‚Äôs how to do it: |  ‚Üí Go to HAL |  ‚Üí Click your profile picture (top right) |  ‚Üí Go to Settings |  ‚Üí Click the blue button ‚ÄúDownload HAL picture‚Äù (top right) and send it to me via Slack or Email. | Thanks in advance!,,Announce/Organisation